{
  "configuration": {
    "chromosome": "22",
    "max_variants": 3000,
    "test_size": 0.2,
    "cv_folds": 10,
    "threshold": 0.5
  },
  "cross_validation": {
    "mse_mean": 0.009835110937268368,
    "mse_std": 0.00164025652186615,
    "precision_mean": 0.9995833333333334,
    "precision_std": 0.0012499999999999955,
    "recall_mean": 1.0,
    "recall_std": 0.0,
    "specificity_mean": 0.0,
    "specificity_std": 0.0
  },
  "test_set": {
    "mse": 0.008916971036768017,
    "precision": 1.0,
    "recall": 0.9483333333333334,
    "specificity": 0.0
  },
  "dataset_info": {
    "total_variants": 3000,
    "training_samples": 2400,
    "test_samples": 600
  }
}